<sudoku>
	<size>2</size>
	<field>
		<index>1</index>
		<value>3</value>
		<user>0</user>
	</field>
	<field>
		<index>2</index>
		<value>2</value>
		<user>0</user>
	</field>
	<field>
		<index>3</index>
		<value>4</value>
		<user>0</user>
	</field>
	<field>
		<index>5</index>
		<value>2</value>
		<user>0</user>
	</field>
	<field>
		<index>6</index>
		<value>3</value>
		<user>0</user>
	</field>
	<field>
		<index>8</index>
		<value>2</value>
		<user>0</user>
	</field>
	<field>
		<index>12</index>
		<value>3</value>
		<user>0</user>
	</field>
	<field>
		<index>13</index>
		<value>4</value>
		<user>0</user>
	</field>
	<field>
		<index>15</index>
		<value>2</value>
		<user>0</user>
	</field>
</sudoku>